Data,Market Index,,,,,,,,,,
Period,Monthly since Apr-1975 to present,,,,,,,,,,
Unit,Point,,,,,,,,,,
Month-Year,SET,SET501/,SET50FF2/,SET1003/,SET100FF4/,sSET5/,SETCLMV6/,SETHD7/,SETESG8/,SETWB9/,mai10/
Base,2518 (1975)/4/30 = 100,2538 (1995)/8/16 = 1000,2566 (2023)/12/28 = 875.25,2545 (2005)/4/30 = 1000,2566 (2023)/12/28 = 1938.83,2559 (2016)/12/30 = 1000,2561 (2018)/06/29 = 1000,2554 (2011)/6/30 = 1000,2561 (2018)/06/29 = 1000,2562 (2019)/03/29 = 1000,2545 (2002)/9/2 = 100
มิ.ย.-24,"1,300.96",806.1,797.37,"1,771.84","1,754.58",820.77,786.63,"1,069.00",832.35,786.18,355.45
พ.ค.-24,"1,345.66",825.96,820.55,"1,826.69","1,814.98",862.09,816.84,"1,100.51",870.43,815.9,379.92
เม.ย.-24,"1,367.95",837.97,838.18,"1,856.35","1,856.13",876,825.66,"1,081.69",890.29,834.14,395.27
มี.ค.-24,"1,377.94",844.41,840.9,"1,870.80","1,864.94",893.01,819.2,"1,083.35",895.66,815.52,411.72
ก.พ.-24,"1,370.67",836.19,837.52,"1,853.39","1,856.83",886.42,820.32,"1,084.06",893.02,816.14,414.9
ม.ค.-24,"1,364.52",834.02,829.53,"1,849.02","1,841.57",869.32,823.89,"1,103.02",885.79,794.95,406.5
ธ.ค.-23,"1,415.85",875.25,,"1,938.83",,873.6,857.16,"1,124.62",926.76,838.62,411.61
พ.ย.-23,"1,380.18",852.94,,"1,888.94",,845.81,846.86,"1,091.19",902.61,814.94,394.21
ต.ค.-23,"1,381.83",856.53,,"1,895.93",,833.56,826.15,"1,095.27",900.35,833.73,392.56
ก.ย.-23,"1,471.43",899.28,,"2,006.06",,922.18,872.33,"1,143.04",948.57,890.69,450.53
ส.ค.-23,"1,565.94",957.21,,"2,133.59",,988.29,918.36,"1,159.84","1,007.64",934.02,493.68
ก.ค.-23,"1,556.06",966.18,,"2,134.63",,947.58,895.65,"1,179.60","1,014.72",910.93,466.71
มิ.ย.-23,"1,503.10",919.28,,"2,039.87",,931.24,864.21,"1,138.25",973.22,902.73,459.78
พ.ค.-23,"1,533.54",924.65,,"2,059.87",,995.87,864.7,"1,129.18",979.24,933.29,489.75
เม.ย.-23,"1,529.12",922.72,,"2,059.63",,975.99,908.51,"1,142.51",987.41,962.18,501.99
มี.ค.-23,"1,609.17",974.26,,"2,177.85",,"1,036.35",948.9,"1,148.07","1,028.58",985.2,538.1
ก.พ.-23,"1,622.35",965.56,,"2,173.13",,"1,077.75",968.43,"1,167.28","1,028.44",999.34,565.69
ม.ค.-23,"1,671.46",992.95,,"2,240.18",,"1,109.69","1,007.75","1,197.52","1,057.90","1,025.00",603.98
ธ.ค.-22,"1,668.66","1,005.24",,"2,257.94",,"1,065.03","1,010.73","1,200.02","1,063.95","1,037.64",584.16
พ.ย.-22,"1,635.36",993.78,,"2,233.03",,"1,056.09","1,001.07","1,184.87","1,049.42","1,015.09",577.38
ต.ค.-22,"1,608.76",979.45,,"2,199.97",,"1,049.33",977.92,"1,170.19","1,027.56",998.52,645.93
ก.ย.-22,"1,589.51",954.44,,"2,151.00",,"1,036.02",961.28,"1,134.14",998.84,979.58,653.29
ส.ค.-22,"1,638.93",996.33,,"2,254.25",,"1,060.43","1,026.38","1,180.70","1,041.61","1,012.79",641.19
ก.ค.-22,"1,576.41",958.73,,"2,168.17",,"1,026.02",985.57,"1,149.10","1,001.67",971.4,581.46
มิ.ย.-22,"1,568.33",951.07,,"2,158.78",,"1,047.66",989,"1,137.85",996.57,963.63,597.65
พ.ค.-22,"1,663.41","1,002.24",,"2,280.45",,"1,110.85","1,042.89","1,198.00","1,049.27","1,016.20",641.14
เม.ย.-22,"1,667.44",983.56,,"2,250.62",,"1,136.34","1,019.13","1,177.45","1,035.32","1,003.74",669.88
มี.ค.-22,"1,695.24","1,019.67",,"2,313.46",,"1,134.02","1,032.94","1,205.49","1,070.82","1,011.85",662.91
ก.พ.-22,"1,685.18","1,016.58",,"2,305.32",,"1,136.63","1,026.41","1,212.19","1,069.15",979.75,634.42
ม.ค.-22,"1,648.81",993.29,,"2,259.88",,"1,145.16","1,009.17","1,194.33","1,049.26",938.27,632.68
ธ.ค.-21,"1,657.62",990.75,,"2,265.16",,"1,130.71","1,030.11","1,169.55","1,044.01",942.52,582.13
พ.ย.-21,"1,568.69",935.08,,"2,139.25",,"1,015.99",991.28,"1,090.54",984.03,918.82,551.4
ต.ค.-21,"1,623.43",974.67,,"2,220.55",,"1,024.56","1,037.35","1,122.70","1,024.32",974.79,558.65
ก.ย.-21,"1,605.68",964.35,,"2,194.43",,"1,000.81","1,041.65","1,119.13","1,013.52",955.97,544.68
ส.ค.-21,"1,638.75",992.13,,"2,254.77",,"1,030.05","1,075.02","1,118.70","1,030.78",989.84,522.15
ก.ค.-21,"1,521.92",910.61,,"2,079.28",,984.97,996.68,"1,039.17",943.86,934.99,495.46
มิ.ย.-21,"1,587.79",953.72,,"2,177.34",,"1,000.65","1,019.51","1,082.12",986.86,966.73,505.64
พ.ค.-21,"1,593.59",962.58,,"2,189.79",,981,"1,031.41","1,101.56",997.87,954.18,482.03
เม.ย.-21,"1,583.13",955.97,,"2,173.52",,932.72,"1,019.99","1,142.33",984.1,950.15,487.29
มี.ค.-21,"1,587.21",971.24,,"2,203.56",,880.88,"1,025.94","1,141.80",994.06,986.01,461.89
ก.พ.-21,"1,496.78",929.95,,"2,105.49",,769.87,990.34,"1,090.03",951,920.7,379.07
ม.ค.-21,"1,466.98",916.66,,"2,060.65",,734.44,958.63,"1,029.90",927.35,884.05,356.33
ธ.ค.-20,"1,449.35",910.45,,"2,037.03",,692.79,929.09,"1,017.69",915.91,865.18,336.29
พ.ย.-20,"1,408.31",908.61,,"2,028.65",,673.36,938.71,987.82,869.83,904.92,326.51
ต.ค.-20,"1,194.95",746.26,,"1,682.72",,596.73,768.68,808.11,718.3,780.43,309.56
ก.ย.-20,"1,237.04",781.06,,"1,752.71",,612.35,820.83,802.66,733.94,849.59,315.85
ส.ค.-20,"1,310.66",844.22,,"1,888.52",,621.99,893.88,888.77,788.99,901.68,308.36
ก.ค.-20,"1,328.53",862.98,,"1,922.18",,607.61,908.11,896.6,803.52,900.73,301.4
มิ.ย.-20,"1,339.03",885.15,,"1,959.01",,593.12,902.29,906.51,817.49,907.96,297.87
พ.ค.-20,"1,342.85",896.01,,"1,974.61",,576.19,881.26,888.8,823.64,905.88,284.87
เม.ย.-20,"1,301.66",873.56,,"1,913.35",,554.69,812.13,863.81,790.77,854.81,256.19
มี.ค.-20,"1,125.86",756.91,,"1,648.71",,434.78,679.01,770.5,688.74,729.85,216.05
ก.พ.-20,"1,340.52",897.84,,"1,969.26",,559.35,790.19,951.2,820.17,846.13,261.76
ม.ค.-20,"1,514.14","1,018.08",,"2,225.62",,651.8,911.67,"1,060.59",931.33,955.89,299.57
ธ.ค.-19,"1,579.84","1,068.50",,"2,342.21",,679.07,977.61,"1,152.65",982.38,989.19,309.64
พ.ย.-19,"1,590.59","1,070.23",,"2,349.32",,692.47,992.01,"1,134.57",985.96,"1,008.15",318.88
ต.ค.-19,"1,601.49","1,073.26",,"2,357.61",,709.1,997.02,"1,129.55",979.3,"1,003.48",325.46
ก.ย.-19,"1,637.22","1,090.31",,"2,400.84",,745.61,"1,026.55","1,164.71","1,013.91","1,022.54",345.62
ส.ค.-19,"1,654.92","1,096.47",,"2,423.44",,764.86,"1,040.96","1,188.76","1,034.58","1,045.58",352.72
ก.ค.-19,"1,711.97","1,130.92",,"2,505.76",,813.94,"1,095.57","1,245.68","1,075.24","1,056.21",369.16
มิ.ย.-19,"1,730.34","1,150.85",,"2,546.22",,798.53,"1,106.70","1,262.27","1,104.23","1,062.43",363.58
พ.ค.-19,"1,620.22","1,074.87",,"2,377.12",,745.2,"1,027.11","1,190.69","1,036.94","1,006.43",339.82
เม.ย.-19,"1,673.52","1,112.39",,"2,458.06",,787.8,"1,065.28","1,238.86","1,067.90","1,027.83",366.15
มี.ค.-19,"1,638.65","1,090.94",,"2,401.55",,772.76,"1,028.67","1,230.93","1,048.02",,364.12
ก.พ.-19,"1,653.48","1,099.30",,"2,425.16",,792.47,"1,025.50","1,240.21","1,063.50",,379.59
ม.ค.-19,"1,641.73","1,096.50",,"2,411.25",,781.14,"1,002.21","1,231.17","1,056.77",,380.45
ธ.ค.-18,"1,563.88","1,044.92",,"2,293.11",,730.5,941.89,"1,175.47","1,003.08",,356.44
พ.ย.-18,"1,641.80","1,091.55",,"2,409.21",,808.66,"1,038.33","1,237.17","1,042.55",,400.82
ต.ค.-18,"1,669.09","1,102.49",,"2,443.28",,860.96,"1,062.52","1,258.77","1,055.07",,422.81
ก.ย.-18,"1,756.41","1,158.75",,"2,578.35",,926.63,"1,132.75","1,326.79","1,111.59",,456.38
ส.ค.-18,"1,721.58","1,138.80",,"2,524.74",,903.45,"1,084.15","1,314.03","1,099.96",,439.01
ก.ค.-18,"1,701.79","1,127.56",,"2,495.73",,901.78,"1,079.01","1,296.01","1,081.70",,437.59
มิ.ย.-18,"1,595.58","1,051.63",,"2,320.82",,842.86,,"1,199.78",,,416.57
พ.ค.-18,"1,726.97","1,134.76",,"2,522.98",,938.26,,"1,282.09",,,460.88
เม.ย.-18,"1,780.11","1,177.02",,"2,606.47",,975.93,,"1,343.03",,,486.44
มี.ค.-18,"1,776.26","1,171.79",,"2,591.88",,998.99,,"1,350.55",,,490.65
ก.พ.-18,"1,830.13","1,205.57",,"2,672.01",,"1,034.82",,"1,372.38",,,500.44
ม.ค.-18,"1,826.86","1,186.16",,"2,650.17",,"1,079.40",,"1,332.31",,,540.74
ธ.ค.-17,"1,753.71","1,135.14",,"2,543.08",,"1,073.76",,"1,268.76",,,540.37
พ.ย.-17,"1,697.39","1,085.86",,"2,442.03",,"1,086.83",,"1,255.42",,,547.16
ต.ค.-17,"1,721.37","1,094.74",,"2,468.42",,"1,132.18",,"1,250.02",,,574.95
ก.ย.-17,"1,673.16","1,068.92",,"2,401.29",,"1,084.73",,"1,235.87",,,570.66
ส.ค.-17,"1,616.16","1,034.29",,"2,318.99",,"1,017.48",,"1,216.72",,,547.42
ก.ค.-17,"1,576.08","1,003.96",,"2,250.61",,"1,012.57",,"1,182.10",,,551.03
มิ.ย.-17,"1,574.74",994.35,,"2,241.46",,"1,022.22",,"1,202.26",,,565.71
พ.ค.-17,"1,561.66",986.08,,"2,225.59",,"1,015.42",,"1,206.18",,,568.88
เม.ย.-17,"1,566.32",993.98,,"2,237.96",,"1,020.31",,"1,236.29",,,577.47
มี.ค.-17,"1,575.11",996.44,,"2,244.58",,"1,047.83",,"1,249.29",,,597.45
ก.พ.-17,"1,559.56",978.46,,"2,207.93",,"1,055.22",,"1,209.97",,,612.82
ม.ค.-17,"1,577.31",984.21,,"2,223.16",,"1,076.59",,"1,185.03",,,646.02
ธ.ค.-16,"1,542.94",964.84,,"2,178.19",,,,"1,144.14",,,616.27
พ.ย.-16,"1,510.24",943.18,,"2,129.23",,,,"1,109.35",,,598.74
ต.ค.-16,"1,495.72",936.66,,"2,111.50",,,,"1,125.00",,,576.21
ก.ย.-16,"1,483.21",944.42,,"2,112.87",,,,"1,137.64",,,551.74
ส.ค.-16,"1,548.44",983.26,,"2,211.03",,,,"1,186.13",,,585.38
ก.ค.-16,"1,524.07",964.44,,"2,172.09",,,,"1,160.85",,,589.3
มิ.ย.-16,"1,444.99",910.56,,"2,050.79",,,,"1,093.04",,,527.35
พ.ค.-16,"1,424.28",911.11,,"2,033.74",,,,"1,066.84",,,524.17
เม.ย.-16,"1,404.61",891.83,,"1,987.58",,,,"1,059.76",,,524.89
มี.ค.-16,"1,407.70",905.93,,"2,010.71",,,,"1,054.82",,,518.4
ก.พ.-16,"1,332.37",851.02,,"1,894.89",,,,988.43,,,498.06
ม.ค.-16,"1,300.98",826.21,,"1,841.76",,,,938.96,,,508.77
ธ.ค.-15,"1,288.02",813.55,,"1,821.66",,,,933.71,,,522.62
พ.ย.-15,"1,359.70",869.38,,"1,939.44",,,,984.29,,,570.71
ต.ค.-15,"1,394.94",899.52,,"2,004.97",,,,"1,009.41",,,592.87
ก.ย.-15,"1,349.00",868.71,,"1,934.18",,,,973.48,,,573.69
ส.ค.-15,"1,382.41",905.68,,"2,005.52",,,,"1,021.53",,,560.4
ก.ค.-15,"1,440.12",950.42,,"2,102.63",,,,"1,096.72",,,595.18
มิ.ย.-15,"1,504.55",989.21,,"2,200.29",,,,"1,177.85",,,656.8
พ.ค.-15,"1,496.05",985.37,,"2,190.77",,,,"1,171.37",,,656.16
เม.ย.-15,"1,526.74","1,006.10",,"2,238.28",,,,"1,203.92",,,688.86
มี.ค.-15,"1,505.94",997.66,,"2,215.40",,,,"1,159.97",,,671.1
ก.พ.-15,"1,587.01","1,042.80",,"2,326.59",,,,"1,198.31",,,798
ม.ค.-15,"1,581.25","1,050.29",,"2,330.25",,,,"1,194.54",,,724.72
ธ.ค.-14,"1,497.67","1,001.01",,"2,212.63",,,,"1,147.66",,,700.05
พ.ย.-14,"1,593.91","1,069.36",,"2,365.39",,,,"1,273.23",,,726.72
ต.ค.-14,"1,584.16","1,053.22",,"2,333.46",,,,"1,241.59",,,723.78
ก.ย.-14,"1,585.67","1,057.22",,"2,344.78",,,,"1,253.50",,,698.26
ส.ค.-14,"1,561.63","1,044.25",,"2,313.24",,,,"1,226.73",,,637.93
ก.ค.-14,"1,502.39","1,006.97",,"2,225.06",,,,"1,188.84",,,549.11
มิ.ย.-14,"1,485.75",999.62,,"2,201.83",,,,"1,187.20",,,509.61
พ.ค.-14,"1,415.73",952.2,,"2,096.24",,,,"1,117.48",,,447.74
เม.ย.-14,"1,414.94",959.51,,"2,108.13",,,,"1,148.51",,,422.67
มี.ค.-14,"1,376.26",935.76,,"2,053.06",,,,"1,118.91",,,395.33
ก.พ.-14,"1,325.33",899.51,,"1,973.69",,,,"1,087.49",,,376.45
ม.ค.-14,"1,274.28",866.34,,"1,895.39",,,,"1,054.10",,,351.74
ธ.ค.-13,"1,298.71",883.4,,"1,933.11",,,,"1,091.62",,,356.8
พ.ย.-13,"1,371.13",935.22,,"2,055.41",,,,"1,113.11",,,371.48
ต.ค.-13,"1,442.88",987.06,,"2,172.84",,,,"1,162.02",,,385.13
ก.ย.-13,"1,383.16",940.88,,"2,072.72",,,,"1,121.77",,,354.15
ส.ค.-13,"1,294.30",882.98,,"1,936.33",,,,"1,083.87",,,329.95
ก.ค.-13,"1,423.14",966.03,,"2,122.90",,,,"1,146.72",,,389.35
มิ.ย.-13,"1,451.90",982.99,,"2,167.21",,,,"1,173.58",,,392.21
พ.ค.-13,"1,562.07","1,029.01",,"2,299.63",,,,"1,215.35",,,471.61
เม.ย.-13,"1,597.86","1,055.62",,"2,362.23",,,,"1,263.53",,,507.79
มี.ค.-13,"1,561.06","1,024.92",,"2,299.39",,,,"1,266.78",,,484.28
ก.พ.-13,"1,541.58","1,014.03",,"2,271.97",,,,"1,297.33",,,469.25
ม.ค.-13,"1,474.20",988.21,,"2,191.53",,,,"1,274.56",,,453.14
ธ.ค.-12,"1,391.93",945.39,,"2,078.67",,,,"1,231.91",,,415.68
พ.ย.-12,"1,324.04",898.81,,"1,975.67",,,,"1,156.40",,,393.46
ต.ค.-12,"1,298.87",879.06,,"1,929.20",,,,"1,140.01",,,385.17
ก.ย.-12,"1,298.79",886.58,,"1,937.22",,,,"1,136.65",,,347.86
ส.ค.-12,"1,227.48",840.32,,"1,832.60",,,,"1,102.54",,,323.17
ก.ค.-12,"1,199.30",828.67,,"1,804.23",,,,"1,088.54",,,305.82
มิ.ย.-12,"1,172.11",814.38,,"1,769.19",,,,"1,081.91",,,294.65
พ.ค.-12,"1,141.50",791.54,,"1,721.76",,,,"1,072.44",,,288.38
เม.ย.-12,"1,228.49",863.82,,"1,875.49",,,,"1,151.83",,,308.83
มี.ค.-12,"1,196.77",842.91,,"1,828.73",,,,"1,135.34",,,292.15
ก.พ.-12,"1,160.90",818.78,,"1,775.40",,,,"1,113.31",,,294.83
ม.ค.-12,"1,083.97",757.45,,"1,647.59",,,,"1,058.04",,,290.48
ธ.ค.-11,"1,025.32",718.4,,"1,559.38",,,,"1,008.71",,,264.23
พ.ย.-11,995.33,697.33,,"1,513.68",,,,"1,000.00",,,261.81
ต.ค.-11,974.75,691.97,,"1,493.52",,,,970.19,,,242.44
ก.ย.-11,916.21,636.3,,"1,381.58",,,,893.4,,,246.46
ส.ค.-11,"1,070.05",747.07,,"1,627.38",,,,"1,035.96",,,295.39
ก.ค.-11,"1,133.53",794.01,,"1,730.42",,,,"1,086.72",,,318.02
มิ.ย.-11,"1,041.48",729.78,,"1,587.31",,,,,,,304.27
พ.ค.-11,"1,073.83",754.08,,"1,642.80",,,,,,,295.93
เม.ย.-11,"1,093.56",770.69,,"1,682.40",,,,,,,293.83
มี.ค.-11,"1,047.48",735.98,,"1,605.25",,,,,,,279.53
ก.พ.-11,987.91,690.89,,"1,506.94",,,,,,,263.56
ม.ค.-11,964.1,668.58,,"1,461.67",,,,,,,265.12
ธ.ค.-10,"1,032.76",720.19,,"1,573.02",,,,,,,272.79
พ.ย.-10,"1,005.12",698.46,,"1,526.11",,,,,,,261.54
ต.ค.-10,984.46,677.52,,"1,489.59",,,,,,,261.1
ก.ย.-10,975.3,674.42,,"1,481.69",,,,,,,250.64
ส.ค.-10,913.19,622.67,,"1,371.79",,,,,,,253.45
ก.ค.-10,855.83,583.83,,"1,280.03",,,,,,,243.71
มิ.ย.-10,797.31,547.46,,"1,197.01",,,,,,,230.84
พ.ค.-10,750.43,524.14,,"1,131.97",,,,,,,207.63
เม.ย.-10,763.51,538.93,,"1,160.24",,,,,,,205.13
มี.ค.-10,787.98,558.28,,"1,201.57",,,,,,,212.43
ก.พ.-10,721.37,507.68,,"1,091.32",,,,,,,212.16
ม.ค.-10,696.55,490.77,,"1,053.87",,,,,,,210.06
ธ.ค.-09,734.54,520.69,,"1,120.26",,,,,,,215.3
พ.ย.-09,689.07,483.54,,"1,042.71",,,,,,,212.01
ต.ค.-09,685.24,483.67,,"1,045.48",,,,,,,209.93
ก.ย.-09,717.07,511.82,,"1,103.21",,,,,,,201.02
ส.ค.-09,653.25,467.27,,"1,002.72",,,,,,,183.75
ก.ค.-09,624,449.91,,959.43,,,,,,,187.31
มิ.ย.-09,597.48,430.35,,916.66,,,,,,,192.15
พ.ค.-09,560.41,398.36,,850.27,,,,,,,174.13
เม.ย.-09,491.69,346.81,,739.22,,,,,,,163.69
มี.ค.-09,431.5,300.2,,637.42,,,,,,,152.13
ก.พ.-09,431.52,299.58,,636.04,,,,,,,160.59
ม.ค.-09,437.69,303.59,,646.1,,,,,,,166.85
ธ.ค.-08,449.96,316.45,,671.35,,,,,,,162.93
พ.ย.-08,401.84,279.83,,592.63,,,,,,,156.79
ต.ค.-08,416.53,288.76,,615.21,,,,,,,162.5
ก.ย.-08,596.54,417.23,,897.54,,,,,,,216.93
ส.ค.-08,684.44,485.25,,"1,044.18",,,,,,,238.65
ก.ค.-08,676.32,473.85,,"1,024.76",,,,,,,240.59
มิ.ย.-08,768.59,548.95,,"1,182.89",,,,,,,256.44
พ.ค.-08,833.65,597.82,,"1,292.43",,,,,,,276.42
เม.ย.-08,832.45,599.3,,"1,292.49",,,,,,,283.23
มี.ค.-08,817.03,587.61,,"1,267.68",,,,,,,272.81
ก.พ.-08,845.76,614.37,,"1,321.40",,,,,,,269.36
ม.ค.-08,784.23,567.17,,"1,220.29",,,,,,,261.51
ธ.ค.-07,858.1,630.73,,"1,355.47",,,,,,,272.37
พ.ย.-07,846.44,622.63,,"1,338.28",,,,,,,274.21
ต.ค.-07,907.28,672.79,,"1,443.25",,,,,,,294.88
ก.ย.-07,845.5,616.03,,"1,328.47",,,,,,,263.94
ส.ค.-07,813.21,586.31,,"1,267.09",,,,,,,251.37
ก.ค.-07,859.76,617.33,,"1,337.36",,,,,,,261.39
มิ.ย.-07,776.79,550.01,,"1,195.47",,,,,,,229.29
พ.ค.-07,737.4,523.4,,"1,133.78",,,,,,,212.16
เม.ย.-07,699.16,491.97,,"1,066.45",,,,,,,208.42
มี.ค.-07,673.71,471.93,,"1,024.43",,,,,,,193.85
ก.พ.-07,677.13,475.66,,"1,032.63",,,,,,,194.25
ม.ค.-07,654.04,456.89,,993.62,,,,,,,185.54
ธ.ค.-06,679.84,473.27,,"1,033.38",,,,,,,193.43
พ.ย.-06,739.06,515.93,,"1,127.38",,,,,,,195.46
ต.ค.-06,722.46,504.55,,"1,099.96",,,,,,,176.51
ก.ย.-06,686.1,480.3,,"1,044.47",,,,,,,161.2
ส.ค.-06,690.9,482.43,,"1,049.15",,,,,,,158.72
ก.ค.-06,691.49,482.63,,"1,049.72",,,,,,,159.2
มิ.ย.-06,678.13,471.54,,"1,026.28",,,,,,,155.73
พ.ค.-06,709.43,492.52,,"1,074.53",,,,,,,162.64
เม.ย.-06,768.29,533.86,,"1,169.02",,,,,,,170.47
มี.ค.-06,733.25,509.12,,"1,113.58",,,,,,,165.43
ก.พ.-06,744.05,524.62,,"1,142.59",,,,,,,167.46
ม.ค.-06,762.63,540.02,,"1,174.61",,,,,,,161.97
ธ.ค.-05,713.73,502.85,,"1,092.64",,,,,,,158.23
พ.ย.-05,667.75,467.28,,"1,015.77",,,,,,,156.47
ต.ค.-05,682.62,477.4,,"1,040.17",,,,,,,167.03
ก.ย.-05,723.23,511.89,,"1,112.82",,,,,,,174.22
ส.ค.-05,697.85,495.78,,"1,076.28",,,,,,,172.72
ก.ค.-05,675.67,477.15,,"1,035.25",,,,,,,179.04
มิ.ย.-05,675.5,471.66,,"1,029.76",,,,,,,184.1
พ.ค.-05,667.55,461.84,,"1,016.30",,,,,,,182.01
เม.ย.-05,658.88,458.2,,,,,,,,,192.64
มี.ค.-05,681.49,472.86,,,,,,,,,197.9
ก.พ.-05,741.55,522.64,,,,,,,,,206.94
ม.ค.-05,701.91,491.42,,,,,,,,,203.09
ธ.ค.-04,668.1,468.68,,,,,,,,,188.07
พ.ย.-04,656.73,460.85,,,,,,,,,187.8
ต.ค.-04,628.16,439.24,,,,,,,,,180.99
ก.ย.-04,644.67,447.2,,,,,,,,,213.48
ส.ค.-04,624.59,429.55,,,,,,,,,214.49
ก.ค.-04,636.7,435.58,,,,,,,,,231.12
มิ.ย.-04,646.64,441.45,,,,,,,,,253.11
พ.ค.-04,641.05,435.71,,,,,,,,,245.03
เม.ย.-04,648.15,436.9,,,,,,,,,262.41
มี.ค.-04,647.3,433.53,,,,,,,,,293.73
ก.พ.-04,716.3,471.42,,,,,,,,,331.48
ม.ค.-04,698.9,462.73,,,,,,,,,326.85
ธ.ค.-03,772.15,509.06,,,,,,,,,343.7
พ.ย.-03,646.03,394.04,,,,,,,,,398.22
ต.ค.-03,639.45,381.6,,,,,,,,,366.47
ก.ย.-03,578.98,357.52,,,,,,,,,322.57
ส.ค.-03,537.71,339.24,,,,,,,,,231.23
ก.ค.-03,484.11,311.99,,,,,,,,,179.77
มิ.ย.-03,461.82,302.62,,,,,,,,,146.88
พ.ค.-03,403.82,263.6,,,,,,,,,139.83
เม.ย.-03,374.63,242.1,,,,,,,,,138.78
มี.ค.-03,364.55,236.32,,,,,,,,,132.14
ก.พ.-03,361.32,232.85,,,,,,,,,133.18
ม.ค.-03,370.01,239.61,,,,,,,,,123.1
ธ.ค.-02,356.48,228.4,,,,,,,,,127.49
พ.ย.-02,364.9,234,,,,,,,,,141.95
ต.ค.-02,357.22,229.1,,,,,,,,,109.6
ก.ย.-02,331.79,210.71,,,,,,,,,95.35
ส.ค.-02,361.16,230.51,,,,,,,,,
ก.ค.-02,376.02,239.65,,,,,,,,,
มิ.ย.-02,389.1,250.49,,,,,,,,,
พ.ค.-02,407.96,268.16,,,,,,,,,
เม.ย.-02,371.42,243.52,,,,,,,,,
มี.ค.-02,373.95,246.01,,,,,,,,,
ก.พ.-02,371.81,247.55,,,,,,,,,
ม.ค.-02,340.82,226.21,,,,,,,,,
ธ.ค.-01,303.85,197.26,,,,,,,,,
พ.ย.-01,302.62,199.12,,,,,,,,,
ต.ค.-01,275.09,177.85,,,,,,,,,
ก.ย.-01,277.04,181.65,,,,,,,,,
ส.ค.-01,335.57,221.52,,,,,,,,,
ก.ค.-01,297.69,194.47,,,,,,,,,
มิ.ย.-01,322.55,215.55,,,,,,,,,
พ.ค.-01,310.13,210.26,,,,,,,,,
เม.ย.-01,300.63,204.1,,,,,,,,,
มี.ค.-01,291.94,200.85,,,,,,,,,
ก.พ.-01,325.2,229.99,,,,,,,,,
ม.ค.-01,332.77,238.87,,,,,,,,,
ธ.ค.-00,269.19,186.35,,,,,,,,,
พ.ย.-00,277.92,192.94,,,,,,,,,
ต.ค.-00,271.84,187.64,,,,,,,,,
ก.ย.-00,277.29,190.63,,,,,,,,,
ส.ค.-00,307.83,216.12,,,,,,,,,
ก.ค.-00,284.67,198.2,,,,,,,,,
มิ.ย.-00,325.69,230.71,,,,,,,,,
พ.ค.-00,323.29,227.09,,,,,,,,,
เม.ย.-00,390.4,277.8,,,,,,,,,
มี.ค.-00,400.32,287.97,,,,,,,,,
ก.พ.-00,374.32,269.07,,,,,,,,,
ม.ค.-00,477.57,343.05,,,,,,,,,
ธ.ค.-99,481.92,347.43,,,,,,,,,
พ.ย.-99,422.12,297.64,,,,,,,,,
ต.ค.-99,395.55,275.16,,,,,,,,,
ก.ย.-99,389.49,270.32,,,,,,,,,
ส.ค.-99,440.27,307.97,,,,,,,,,
ก.ค.-99,456.81,316.68,,,,,,,,,
มิ.ย.-99,521.77,369.17,,,,,,,,,
พ.ค.-99,453.6,338.4,,,,,,,,,
เม.ย.-99,459.35,348.66,,,,,,,,,
มี.ค.-99,352.01,257.66,,,,,,,,,
ก.พ.-99,340.94,246.31,,,,,,,,,
ม.ค.-99,363,262.98,,,,,,,,,
ธ.ค.-98,355.81,256.85,,,,,,,,,
พ.ย.-98,362.82,262.92,,,,,,,,,
ต.ค.-98,331.29,237.97,,,,,,,,,
ก.ย.-98,253.82,177.9,,,,,,,,,
ส.ค.-98,214.53,142.39,,,,,,,,,
ก.ค.-98,266.72,180.95,,,,,,,,,
มิ.ย.-98,267.33,178.35,,,,,,,,,
พ.ค.-98,325.59,224.41,,,,,,,,,
เม.ย.-98,412.13,295.59,,,,,,,,,
มี.ค.-98,459.11,332.65,,,,,,,,,
ก.พ.-98,528.42,393.66,,,,,,,,,
ม.ค.-98,495.23,382.39,,,,,,,,,
ธ.ค.-97,372.69,259.83,,,,,,,,,
พ.ย.-97,395.47,279.44,,,,,,,,,
ต.ค.-97,447.21,322.43,,,,,,,,,
ก.ย.-97,544.54,410.59,,,,,,,,,
ส.ค.-97,502.23,359.15,,,,,,,,,
ก.ค.-97,665.62,503.26,,,,,,,,,
มิ.ย.-97,527.28,381.99,,,,,,,,,
พ.ค.-97,566.39,411.55,,,,,,,,,
เม.ย.-97,661.29,489.2,,,,,,,,,
มี.ค.-97,705.43,521.8,,,,,,,,,
ก.พ.-97,727.56,536.5,,,,,,,,,
ม.ค.-97,788.04,584.4,,,,,,,,,
ธ.ค.-96,831.57,612.8,,,,,,,,,
พ.ย.-96,925.97,705.21,,,,,,,,,
ต.ค.-96,910.33,686.29,,,,,,,,,
ก.ย.-96,"1,099.01",845.6,,,,,,,,,
ส.ค.-96,"1,102.32",840.2,,,,,,,,,
ก.ค.-96,"1,064.04",806,,,,,,,,,
มิ.ย.-96,"1,247.08",961.3,,,,,,,,,
พ.ค.-96,"1,311.91","1,020.30",,,,,,,,,
เม.ย.-96,"1,292.61","1,010.38",,,,,,,,,
มี.ค.-96,"1,289.73","1,006.42",,,,,,,,,
ก.พ.-96,"1,321.87","1,027.72",,,,,,,,,
ม.ค.-96,"1,410.33","1,110.49",,,,,,,,,
ธ.ค.-95,"1,280.81",996.5,,,,,,,,,
พ.ย.-95,"1,196.62",930.98,,,,,,,,,
ต.ค.-95,"1,270.76",990.44,,,,,,,,,
ก.ย.-95,"1,294.23","1,002.50",,,,,,,,,
ส.ค.-95,"1,314.90","1,009.57",,,,,,,,,
ก.ค.-95,"1,383.10",,,,,,,,,,
มิ.ย.-95,"1,394.77",,,,,,,,,,
พ.ค.-95,"1,392.31",,,,,,,,,,
เม.ย.-95,"1,208.69",,,,,,,,,,
มี.ค.-95,"1,216.68",,,,,,,,,,
ก.พ.-95,"1,288.47",,,,,,,,,,
ม.ค.-95,"1,217.74",,,,,,,,,,
ธ.ค.-94,"1,360.09",,,,,,,,,,
พ.ย.-94,"1,362.44",,,,,,,,,,
ต.ค.-94,"1,528.83",,,,,,,,,,
ก.ย.-94,"1,485.71",,,,,,,,,,
ส.ค.-94,"1,524.83",,,,,,,,,,
ก.ค.-94,"1,376.88",,,,,,,,,,
มิ.ย.-94,"1,273.34",,,,,,,,,,
พ.ค.-94,"1,356.87",,,,,,,,,,
เม.ย.-94,"1,266.67",,,,,,,,,,
มี.ค.-94,"1,239.99",,,,,,,,,,
ก.พ.-94,"1,372.93",,,,,,,,,,
ม.ค.-94,"1,493.45",,,,,,,,,,
ธ.ค.-93,"1,682.85",,,,,,,,,,
พ.ย.-93,"1,309.95",,,,,,,,,,
ต.ค.-93,"1,260.91",,,,,,,,,,
ก.ย.-93,971.44,,,,,,,,,,
ส.ค.-93,963.18,,,,,,,,,,
ก.ค.-93,928.2,,,,,,,,,,
มิ.ย.-93,877.52,,,,,,,,,,
พ.ค.-93,825.71,,,,,,,,,,
เม.ย.-93,845.29,,,,,,,,,,
มี.ค.-93,865.23,,,,,,,,,,
ก.พ.-93,937.65,,,,,,,,,,
ม.ค.-93,974.48,,,,,,,,,,
ธ.ค.-92,893.42,,,,,,,,,,
พ.ย.-92,865.21,,,,,,,,,,
ต.ค.-92,940.35,,,,,,,,,,
ก.ย.-92,847,,,,,,,,,,
ส.ค.-92,746.51,,,,,,,,,,
ก.ค.-92,744.42,,,,,,,,,,
มิ.ย.-92,751.45,,,,,,,,,,
พ.ค.-92,688.84,,,,,,,,,,
เม.ย.-92,760.97,,,,,,,,,,
มี.ค.-92,822.72,,,,,,,,,,
ก.พ.-92,782.85,,,,,,,,,,
ม.ค.-92,763.45,,,,,,,,,,
ธ.ค.-91,711.36,,,,,,,,,,
พ.ย.-91,671.07,,,,,,,,,,
ต.ค.-91,638.84,,,,,,,,,,
ก.ย.-91,670.79,,,,,,,,,,
ส.ค.-91,705.65,,,,,,,,,,
ก.ค.-91,728.7,,,,,,,,,,
มิ.ย.-91,765.21,,,,,,,,,,
พ.ค.-91,808.19,,,,,,,,,,
เม.ย.-91,876.01,,,,,,,,,,
มี.ค.-91,865.74,,,,,,,,,,
ก.พ.-91,769.13,,,,,,,,,,
ม.ค.-91,658.47,,,,,,,,,,
ธ.ค.-90,612.86,,,,,,,,,,
พ.ย.-90,544.3,,,,,,,,,,
ต.ค.-90,649.37,,,,,,,,,,
ก.ย.-90,641.56,,,,,,,,,,
ส.ค.-90,862.75,,,,,,,,,,
ก.ค.-90,"1,115.73",,,,,,,,,,
มิ.ย.-90,"1,060.22",,,,,,,,,,
พ.ค.-90,"1,000.71",,,,,,,,,,
เม.ย.-90,855.97,,,,,,,,,,
มี.ค.-90,851.53,,,,,,,,,,
ก.พ.-90,813.67,,,,,,,,,,
ม.ค.-90,853.72,,,,,,,,,,
ธ.ค.-89,879.19,,,,,,,,,,
พ.ย.-89,769.83,,,,,,,,,,
ต.ค.-89,695.01,,,,,,,,,,
ก.ย.-89,689.51,,,,,,,,,,
ส.ค.-89,681.92,,,,,,,,,,
ก.ค.-89,624.13,,,,,,,,,,
มิ.ย.-89,606.21,,,,,,,,,,
พ.ค.-89,552.54,,,,,,,,,,
เม.ย.-89,500.21,,,,,,,,,,
มี.ค.-89,440.88,,,,,,,,,,
ก.พ.-89,435.78,,,,,,,,,,
ม.ค.-89,433.68,,,,,,,,,,
ธ.ค.-88,386.73,,,,,,,,,,
พ.ย.-88,392.86,,,,,,,,,,
ต.ค.-88,418.74,,,,,,,,,,
ก.ย.-88,444.61,,,,,,,,,,
ส.ค.-88,436.55,,,,,,,,,,
ก.ค.-88,457.01,,,,,,,,,,
มิ.ย.-88,452.7,,,,,,,,,,
พ.ค.-88,424.93,,,,,,,,,,
เม.ย.-88,413.91,,,,,,,,,,
มี.ค.-88,388.9,,,,,,,,,,
ก.พ.-88,374.83,,,,,,,,,,
ม.ค.-88,318.87,,,,,,,,,,
ธ.ค.-87,284.94,,,,,,,,,,
พ.ย.-87,290.42,,,,,,,,,,
ต.ค.-87,299.83,,,,,,,,,,
ก.ย.-87,428.19,,,,,,,,,,
ส.ค.-87,353.15,,,,,,,,,,
ก.ค.-87,313.96,,,,,,,,,,
มิ.ย.-87,299.87,,,,,,,,,,
พ.ค.-87,269.07,,,,,,,,,,
เม.ย.-87,250.19,,,,,,,,,,
มี.ค.-87,228.97,,,,,,,,,,
ก.พ.-87,208.79,,,,,,,,,,
ม.ค.-87,209.92,,,,,,,,,,
ธ.ค.-86,207.2,,,,,,,,,,
พ.ย.-86,186.46,,,,,,,,,,
ต.ค.-86,183.77,,,,,,,,,,
ก.ย.-86,162.37,,,,,,,,,,
ส.ค.-86,149.84,,,,,,,,,,
ก.ค.-86,141.51,,,,,,,,,,
มิ.ย.-86,131.51,,,,,,,,,,
พ.ค.-86,129.08,,,,,,,,,,
เม.ย.-86,129.54,,,,,,,,,,
มี.ค.-86,129.85,,,,,,,,,,
ก.พ.-86,136.5,,,,,,,,,,
ม.ค.-86,139.02,,,,,,,,,,
ธ.ค.-85,134.95,,,,,,,,,,
พ.ย.-85,142.11,,,,,,,,,,
ต.ค.-85,146.11,,,,,,,,,,
ก.ย.-85,146.74,,,,,,,,,,
ส.ค.-85,150.71,,,,,,,,,,
ก.ค.-85,158.08,,,,,,,,,,
มิ.ย.-85,155.19,,,,,,,,,,
พ.ค.-85,155.02,,,,,,,,,,
เม.ย.-85,151.14,,,,,,,,,,
มี.ค.-85,145.11,,,,,,,,,,
ก.พ.-85,139.47,,,,,,,,,,
ม.ค.-85,139.65,,,,,,,,,,
ธ.ค.-84,142.29,,,,,,,,,,
พ.ย.-84,143.22,,,,,,,,,,
ต.ค.-84,135.84,,,,,,,,,,
ก.ย.-84,132.89,,,,,,,,,,
ส.ค.-84,132.89,,,,,,,,,,
ก.ค.-84,132.24,,,,,,,,,,
มิ.ย.-84,133.14,,,,,,,,,,
พ.ค.-84,131.64,,,,,,,,,,
เม.ย.-84,132.73,,,,,,,,,,
มี.ค.-84,130.09,,,,,,,,,,
ก.พ.-84,131.4,,,,,,,,,,
ม.ค.-84,133.77,,,,,,,,,,
ธ.ค.-83,134.47,,,,,,,,,,
พ.ย.-83,136.31,,,,,,,,,,
ต.ค.-83,138.6,,,,,,,,,,
ก.ย.-83,142.04,,,,,,,,,,
ส.ค.-83,144.73,,,,,,,,,,
ก.ค.-83,148.36,,,,,,,,,,
มิ.ย.-83,139.88,,,,,,,,,,
พ.ค.-83,138.04,,,,,,,,,,
เม.ย.-83,137.27,,,,,,,,,,
มี.ค.-83,131.33,,,,,,,,,,
ก.พ.-83,125.03,,,,,,,,,,
ม.ค.-83,125.8,,,,,,,,,,
ธ.ค.-82,123.5,,,,,,,,,,
พ.ย.-82,120.84,,,,,,,,,,
ต.ค.-82,127.49,,,,,,,,,,
ก.ย.-82,126.24,,,,,,,,,,
ส.ค.-82,124.09,,,,,,,,,,
ก.ค.-82,108.16,,,,,,,,,,
มิ.ย.-82,106.61,,,,,,,,,,
พ.ค.-82,105.83,,,,,,,,,,
เม.ย.-82,104.89,,,,,,,,,,
มี.ค.-82,102.98,,,,,,,,,,
ก.พ.-82,106.16,,,,,,,,,,
ม.ค.-82,106.77,,,,,,,,,,
ธ.ค.-81,106.62,,,,,,,,,,
พ.ย.-81,108.35,,,,,,,,,,
ต.ค.-81,105.04,,,,,,,,,,
ก.ย.-81,105.12,,,,,,,,,,
ส.ค.-81,104.68,,,,,,,,,,
ก.ค.-81,111.61,,,,,,,,,,
มิ.ย.-81,112.41,,,,,,,,,,
พ.ค.-81,116.99,,,,,,,,,,
เม.ย.-81,121.62,,,,,,,,,,
มี.ค.-81,124.31,,,,,,,,,,
ก.พ.-81,127.05,,,,,,,,,,
ม.ค.-81,126.88,,,,,,,,,,
ธ.ค.-80,124.67,,,,,,,,,,
พ.ย.-80,127.88,,,,,,,,,,
ต.ค.-80,119.04,,,,,,,,,,
ก.ย.-80,118.87,,,,,,,,,,
ส.ค.-80,120.36,,,,,,,,,,
ก.ค.-80,126.61,,,,,,,,,,
มิ.ย.-80,127.81,,,,,,,,,,
พ.ค.-80,124.11,,,,,,,,,,
เม.ย.-80,129.63,,,,,,,,,,
มี.ค.-80,138.25,,,,,,,,,,
ก.พ.-80,137.91,,,,,,,,,,
ม.ค.-80,136.84,,,,,,,,,,
ธ.ค.-79,149.4,,,,,,,,,,
พ.ย.-79,152.45,,,,,,,,,,
ต.ค.-79,158.47,,,,,,,,,,
ก.ย.-79,169.32,,,,,,,,,,
ส.ค.-79,170.91,,,,,,,,,,
ก.ค.-79,175.09,,,,,,,,,,
มิ.ย.-79,175.58,,,,,,,,,,
พ.ค.-79,183.72,,,,,,,,,,
เม.ย.-79,175.88,,,,,,,,,,
มี.ค.-79,218.09,,,,,,,,,,
ก.พ.-79,229.43,,,,,,,,,,
ม.ค.-79,239.81,,,,,,,,,,
ธ.ค.-78,257.73,,,,,,,,,,
พ.ย.-78,239.8,,,,,,,,,,
ต.ค.-78,242.85,,,,,,,,,,
ก.ย.-78,206.93,,,,,,,,,,
ส.ค.-78,194.18,,,,,,,,,,
ก.ค.-78,184.75,,,,,,,,,,
มิ.ย.-78,189.99,,,,,,,,,,
พ.ค.-78,187.91,,,,,,,,,,
เม.ย.-78,182.38,,,,,,,,,,
มี.ค.-78,188.61,,,,,,,,,,
ก.พ.-78,202.05,,,,,,,,,,
ม.ค.-78,201.01,,,,,,,,,,
ธ.ค.-77,181.58,,,,,,,,,,
พ.ย.-77,182.45,,,,,,,,,,
ต.ค.-77,192.62,,,,,,,,,,
ก.ย.-77,149.93,,,,,,,,,,
ส.ค.-77,150.07,,,,,,,,,,
ก.ค.-77,127.8,,,,,,,,,,
มิ.ย.-77,113.47,,,,,,,,,,
พ.ค.-77,104.15,,,,,,,,,,
เม.ย.-77,101.24,,,,,,,,,,
มี.ค.-77,97.68,,,,,,,,,,
ก.พ.-77,89.95,,,,,,,,,,
ม.ค.-77,87.55,,,,,,,,,,
ธ.ค.-76,82.69,,,,,,,,,,
พ.ย.-76,80.66,,,,,,,,,,
ต.ค.-76,80.08,,,,,,,,,,
ก.ย.-76,79.65,,,,,,,,,,
ส.ค.-76,79.92,,,,,,,,,,
ก.ค.-76,78.38,,,,,,,,,,
มิ.ย.-76,77.63,,,,,,,,,,
พ.ค.-76,78.12,,,,,,,,,,
เม.ย.-76,80.7,,,,,,,,,,
มี.ค.-76,77.57,,,,,,,,,,
ก.พ.-76,80.9,,,,,,,,,,
ม.ค.-76,82.55,,,,,,,,,,
ธ.ค.-75,84.07,,,,,,,,,,
พ.ย.-75,89.07,,,,,,,,,,
ต.ค.-75,91.1,,,,,,,,,,
ก.ย.-75,92.1,,,,,,,,,,
ส.ค.-75,98.39,,,,,,,,,,
ก.ค.-75,98.02,,,,,,,,,,
มิ.ย.-75,91.64,,,,,,,,,,
พ.ค.-75,89.98,,,,,,,,,,
เม.ย.-75,100,,,,,,,,,,
หมายเหตุ:,1/ตลาดหลักทรัพย์แห่งประเทศไทยได้ปรับค่าดัชนี SET50 จากฐานเดิมที่ 100 จุด เป็น 1000 จุด ในวันที่ 3 พฤษภาคม 2548 พร้อมกับ ดัชนี SET100,,,,,,,,,,
,2/ดัชนี SET50FF เริ่มเผยแพร่ 2 มกราคม 2567 โดยใช้วันฐานดัชนีเป็นวันที่ 28 ธันวาคม 2566 และดัชนีเริ่มที่ราคาปิดของดัชนี SET50 ณ วันที่ 28 ธันวาคม 2566 = 875.25 จุด,,,,,,,,,,
,3/ดัชนี SET100 เริ่มเผยแพร่ 3 พฤษภาคม 2548 โดยใช้ราคาหลักทรัพย์ในวันที่ 30 เมษายน 2548 และดัชนีเริ่มที่ 1000 จุด,,,,,,,,,,
,"4/ดัชนี SET100FF เริ่มเผยแพร่ 2 มกราคม 2567 โดยใช้วันฐานดัชนีเป็นวันที่ 28 ธันวาคม 2566 และดัชนีเริ่มที่ราคาปิดของดัชนี SET100FF ณ วันที่ 28 ธันวาคม 2566 = 1,938.83 จุด",,,,,,,,,,
,5/ดัชนี sSET เริ่มเผยแพร่ 4 มกราคม 2560 โดยใช้ราคาหลักทรัพย์ในวันที่ 30 ธันวาคม 2559 และดัชนีเริ่มที่ 1000 จุด,,,,,,,,,,
,6/ดัชนี SETCLMV เริ่มเผยแพร่ 2 กรกฎาคม 2561 โดยใช้ราคาหลักทรัพย์ในวันที่ 29 มิถุนายน 2561 และดัชนีเริ่มที่ 1000 จุด,,,,,,,,,,
,7/ดัชนี SETHD เริ่มเผยแพร่ 4 กรกฎาคม 2554 โดยใช้ราคาหลักทรัพย์ในวันที่ 30 มิถุนายน 2554 และดัชนีเริ่มที่ 1000 จุด,,,,,,,,,,
,8/ดัชนี SETESG เริ่มเผยแพร่ 2 กรกฎาคม 2561 โดยใช้ราคาหลักทรัพย์ในวันที่ 29 มิถุนายน 2561 และดัชนีเริ่มที่ 1000 จุด,,,,,,,,,,
,9/ดัชนี SETWB เริ่มเผยแพร่ 1 เมษายน 2562 โดยใช้ราคาหลักทรัพย์ในวันที่ 29 มีนาคม 2562 และดัชนีเริ่มที่ 1000 จุด,,,,,,,,,,
,10/ตลาดหลักทรัพย์ เอ็ม เอ ไอ เริ่มเผยแพร่ดัชนีวันที่ 3 กันยายน 2545 โดยใช้วันที่ 2 กันยายน 2545 เป็นวันฐาน และดัชนีเริ่มที่ 100 จุด,,,,,,,,,,
,,,,,,,,,,,
Note:,"1/The SET adjusted the base from a one on May 3, 2005. This change was so that both the SET50 and SET100 indices.",,,,,,,,,,
,"2/The SET50FF Index was launched on Jan 2, 2024. In calculating the SET50FF Index, the base date is December 28th, 2023. The base index starts at the same as closing value of SET50 Index on December 28th, 2023 = 875.25 point.",,,,,,,,,,
,"3/The SET100 Index was launched on May 3, 2005. In calculating the SET100 Index, the securities prices of April 30, 2005 were used as the base value. The base index starts at 1,000 point.",,,,,,,,,,
,"4/The SET100FF Index was launched on Jan 2, 2024. In calculating the SET100FF Index, the base date is December 28th, 2023. The base index starts at the same as closing value of SET100 Index on December 28th, 2023 = 1,938.83 point.",,,,,,,,,,
,"5/The sSET Index was launched on January 4, 2017. In calculating the sSET Index, the securities prices of December 30, 2016 were used as the base value. The base index starts at 1,000 point.",,,,,,,,,,
,"6/The SETCLMV Index was launched on July 2, 2018. In calculating the SETCLMV Index, the securities prices of June 29th, 2018 were used as the base value. The base index starts at 1,000 point.",,,,,,,,,,
,"7/The SETHD Index was launched on July 4th, 2011. In calculating the SETHD Index, the securities prices of June 30th, 2011 were used as the base value. The base index starts at 1,000 point.",,,,,,,,,,
,"8/The SETESG Index was launched on July 2, 2018. In calculating the SETESG Index, the securities prices of June 29th, 2018 were used as the base value. The base index starts at 1,000 point.",,,,,,,,,,
,"9/The SETWB Index was launched on April 1, 2019. In calculating the SETWB Index, the securities prices of March 29th, 2019 were used as the base value. The base index starts at 1,000 point.",,,,,,,,,,
,"10/The mai was launched on September 3, 2002. In calculating the securities prices of September 2, 2002 were used as the base value. The base index starts at 100 point.",,,,,,,,,,
