Data,P/BV ratios,,,,,,,,,,
Period,Monthly since Apr-1988 to present,,,,,,,,,,
Unit,Times,,,,,,,,,,
Month-Year,SET,SET50,SET50FF,SET100,SET100FF,sSET,SETCLMV,SETHD,SETESG,SETWB,mai
ก.ค.-24,1.24,1.47,1.23,1.41,1.19,0.94,1.13,0.85,1.22,2.36,1.66
มิ.ย.-24,1.22,1.43,1.2,1.39,1.18,0.95,1.1,0.95,1.2,2.51,1.79
พ.ค.-24,1.26,1.46,1.24,1.43,1.22,1,1.14,0.98,1.26,2.61,1.9
เม.ย.-24,1.32,1.53,1.31,1.5,1.29,1.04,1.19,0.99,1.33,2.75,2.02
มี.ค.-24,1.33,1.56,1.32,1.52,1.3,1.05,1.18,1,1.35,2.73,2.11
ก.พ.-24,1.33,1.55,1.32,1.52,1.3,1.03,1.18,1.01,1.35,2.73,2.1
ม.ค.-24,1.32,1.53,1.3,1.5,1.28,1.02,1.17,1,1.33,2.65,2.08
ธ.ค.-23,1.36,1.61,,1.55,,1.01,1.2,1.04,1.41,2.58,2.17
พ.ย.-23,1.33,1.57,,1.51,,0.98,1.19,1.01,1.38,2.5,2.09
ต.ค.-23,1.35,1.59,,1.53,,0.98,1.17,1.02,1.39,2.56,2.09
ก.ย.-23,1.44,1.67,,1.63,,1.08,1.28,1.07,1.47,2.71,2.4
ส.ค.-23,1.53,1.78,,1.73,,1.17,1.35,1.09,1.56,2.85,2.65
ก.ค.-23,1.51,1.79,,1.72,,1.09,1.3,1.11,1.57,2.68,2.44
มิ.ย.-23,1.46,1.71,,1.64,,1.14,1.22,1.16,1.51,2.31,2.41
พ.ค.-23,1.49,1.72,,1.66,,1.22,1.22,1.15,1.52,2.39,2.56
เม.ย.-23,1.51,1.75,,1.69,,1.21,1.3,1.18,1.56,2.46,2.66
มี.ค.-23,1.59,1.85,,1.8,,1.29,1.36,1.2,1.67,2.53,2.85
ก.พ.-23,1.61,1.83,,1.8,,1.33,1.37,1.22,1.68,2.57,2.96
ม.ค.-23,1.65,1.87,,1.84,,1.39,1.41,1.25,1.72,2.73,3.13
ธ.ค.-22,1.65,1.75,,1.72,,1.4,1.42,1.22,1.62,2.93,2.98
พ.ย.-22,1.61,1.73,,1.7,,1.39,1.41,1.2,1.6,2.86,2.98
ต.ค.-22,1.6,1.72,,1.7,,1.39,1.39,1.21,1.59,2.86,3.31
ก.ย.-22,1.59,1.69,,1.67,,1.37,1.37,1.18,1.56,2.83,3.35
ส.ค.-22,1.64,1.76,,1.75,,1.41,1.46,1.23,1.63,2.93,3.3
ก.ค.-22,1.66,1.86,,1.82,,1.35,1.46,1.22,1.71,2.9,2.98
มิ.ย.-22,1.65,1.82,,1.8,,1.39,1.66,1.16,1.71,3,3.11
พ.ค.-22,1.75,1.93,,1.9,,1.48,1.77,1.23,1.8,3.17,3.46
เม.ย.-22,1.79,1.92,,1.92,,1.54,1.76,1.21,1.81,3.2,3.74
มี.ค.-22,1.73,1.84,,1.84,,1.53,1.75,1.25,1.73,3.25,3.67
ก.พ.-22,1.73,1.84,,1.85,,1.58,1.75,1.26,1.74,3.23,3.69
ม.ค.-22,1.78,1.84,,1.86,,1.61,1.76,1.27,1.74,3.15,3.74
ธ.ค.-21,1.79,1.89,,1.91,,1.71,1.78,1.29,1.69,3.15,3.42
พ.ย.-21,1.68,1.78,,1.8,,1.54,1.71,1.2,1.59,3.07,3.18
ต.ค.-21,1.77,1.89,,1.91,,1.57,1.83,1.26,1.69,3.28,2.92
ก.ย.-21,1.73,1.87,,1.88,,1.53,1.85,1.27,1.66,3.23,2.83
ส.ค.-21,1.76,1.92,,1.93,,1.56,1.91,1.26,1.69,3.34,2.67
ก.ค.-21,1.67,1.79,,1.8,,1.53,1.81,1.19,1.57,3.15,2.61
มิ.ย.-21,1.75,1.88,,1.87,,1.56,1.74,0.95,1.66,3.29,2.62
พ.ค.-21,1.75,1.89,,1.89,,1.52,1.76,0.97,1.68,3.25,2.47
เม.ย.-21,1.79,1.97,,1.96,,1.45,1.8,1.03,1.7,3.3,2.49
มี.ค.-21,1.8,2,,1.99,,1.36,1.81,1.04,1.71,3.42,2.33
ก.พ.-21,1.7,1.93,,1.92,,1.2,1.76,1,1.65,3.21,1.97
ม.ค.-21,1.66,1.89,,1.87,,1.15,1.71,0.96,1.63,3.09,1.84
ธ.ค.-20,1.64,1.77,,1.75,,1.1,1.6,0.98,1.56,2.86,1.73
พ.ย.-20,1.58,1.76,,1.74,,1.07,1.61,0.95,1.48,2.99,1.71
ต.ค.-20,1.36,1.47,,1.47,,0.95,1.35,0.79,1.25,2.61,1.66
ก.ย.-20,1.39,1.5,,1.51,,0.97,1.48,0.78,1.28,2.84,1.65
ส.ค.-20,1.48,1.63,,1.63,,0.99,1.62,0.87,1.38,3.02,1.61
ก.ค.-20,1.48,1.66,,1.65,,0.94,1.63,0.88,1.4,2.95,1.48
มิ.ย.-20,1.48,1.69,,1.67,,0.96,1.45,1.01,1.4,2.84,1.45
พ.ค.-20,1.48,1.7,,1.68,,0.93,1.42,0.99,1.41,2.82,1.38
เม.ย.-20,1.43,1.64,,1.61,,0.87,1.24,0.94,1.32,2.65,1.24
มี.ค.-20,1.23,1.42,,1.39,,0.68,1.13,0.88,1.2,2.26,1.04
ก.พ.-20,1.49,1.71,,1.68,,0.88,1.31,1.09,1.43,2.62,1.26
ม.ค.-20,1.71,1.98,,1.93,,1.03,1.53,1.22,1.7,3.06,1.51
ธ.ค.-19,1.79,2.07,,2.01,,1.13,1.68,1.38,1.68,3.22,1.55
พ.ย.-19,1.79,2.07,,2.01,,1.15,1.7,1.36,1.68,3.28,1.58
ต.ค.-19,1.82,2.09,,2.03,,1.19,1.7,1.35,1.67,3.29,1.63
ก.ย.-19,1.83,2.08,,2.03,,1.25,1.78,1.42,1.76,3.34,1.7
ส.ค.-19,1.84,2.07,,2.04,,1.28,1.8,1.45,1.78,3.41,1.73
ก.ค.-19,1.88,2.11,,2.07,,1.36,1.88,1.49,1.83,3.46,1.85
มิ.ย.-19,1.89,2.12,,2.09,,1.3,1.79,1.43,1.91,3.42,1.82
พ.ค.-19,1.77,1.98,,1.95,,1.22,1.75,1.4,1.79,3.24,1.67
เม.ย.-19,1.86,2.08,,2.06,,1.31,1.84,1.49,1.87,3.38,1.77
มี.ค.-19,1.82,2.04,,2.01,,1.29,1.82,1.48,1.85,,1.79
ก.พ.-19,1.84,2.06,,2.04,,1.32,1.8,1.5,1.87,,1.9
ม.ค.-19,1.87,2.09,,2.06,,1.29,1.75,1.5,1.89,,1.97
ธ.ค.-18,1.78,1.98,,1.92,,1.16,1.67,1.45,1.74,,1.83
พ.ย.-18,1.86,2.07,,2.02,,1.28,1.79,1.52,1.81,,2.04
ต.ค.-18,1.91,2.11,,2.07,,1.37,1.82,1.55,1.86,,2.12
ก.ย.-18,2,2.21,,2.18,,1.48,1.94,1.63,1.96,,2.25
ส.ค.-18,1.95,2.17,,2.13,,1.44,1.91,1.61,1.93,,2.16
ก.ค.-18,1.95,2.17,,2.12,,1.41,1.89,1.59,1.92,,2.17
มิ.ย.-18,1.83,1.99,,1.94,,1.28,,1.5,,,2.06
พ.ค.-18,1.97,2.15,,2.11,,1.42,,1.61,,,2.23
เม.ย.-18,2.07,2.27,,2.22,,1.54,,1.72,,,2.4
มี.ค.-18,2.07,2.26,,2.21,,1.57,,1.73,,,2.41
ก.พ.-18,2.15,2.34,,2.3,,1.6,,1.77,,,2.54
ม.ค.-18,2.22,2.37,,2.34,,1.71,,1.76,,,2.84
ธ.ค.-17,2.13,2.21,,2.23,,1.93,,1.5,,,2.83
พ.ย.-17,2.02,2.12,,2.14,,1.94,,1.48,,,2.81
ต.ค.-17,2.09,2.17,,2.21,,2.03,,1.52,,,2.96
ก.ย.-17,2.02,2.12,,2.15,,1.93,,1.51,,,2.93
ส.ค.-17,1.95,2.05,,2.07,,1.81,,1.48,,,2.73
ก.ค.-17,1.91,1.99,,2,,1.8,,1.42,,,2.79
มิ.ย.-17,1.89,1.93,,1.98,,1.69,,1.44,,,2.85
พ.ค.-17,1.88,1.92,,1.97,,1.68,,1.45,,,2.84
เม.ย.-17,1.92,1.98,,2.02,,1.72,,1.53,,,3.02
มี.ค.-17,1.93,1.98,,2.03,,1.76,,1.55,,,3.05
ก.พ.-17,1.92,1.95,,2,,1.77,,1.51,,,3.09
ม.ค.-17,2.02,2.04,,2.09,,1.83,,1.55,,,3.35
ธ.ค.-16,1.96,2.02,,2.05,,,,1.49,,,3.86
พ.ย.-16,1.9,1.96,,1.99,,,,1.42,,,3.57
ต.ค.-16,1.9,1.96,,1.98,,,,1.45,,,3.59
ก.ย.-16,1.89,1.98,,1.98,,,,1.48,,,3.43
ส.ค.-16,1.97,2.06,,2.07,,,,1.54,,,3.57
ก.ค.-16,1.97,2.07,,2.09,,,,1.5,,,3.63
มิ.ย.-16,1.86,1.95,,1.96,,,,1.35,,,3.19
พ.ค.-16,1.83,1.95,,1.94,,,,1.32,,,3.14
เม.ย.-16,1.84,1.95,,1.94,,,,1.35,,,3.25
มี.ค.-16,1.84,1.96,,1.95,,,,1.34,,,3.18
ก.พ.-16,1.75,1.85,,1.84,,,,1.25,,,3.05
ม.ค.-16,1.75,1.83,,1.83,,,,1.21,,,3.2
ธ.ค.-15,1.74,1.77,,1.75,,,,1.18,,,3.29
พ.ย.-15,1.82,1.9,,1.86,,,,1.25,,,3.55
ต.ค.-15,1.86,1.94,,1.91,,,,1.27,,,3.76
ก.ย.-15,1.8,1.88,,1.84,,,,1.23,,,3.63
ส.ค.-15,1.84,1.96,,1.91,,,,1.29,,,3.56
ก.ค.-15,1.96,2.1,,2.05,,,,1.42,,,3.94
มิ.ย.-15,2.04,2.18,,2.13,,,,1.5,,,4.3
พ.ค.-15,2.03,2.17,,2.12,,,,1.49,,,4.26
เม.ย.-15,2.13,2.27,,2.22,,,,1.56,,,4.91
มี.ค.-15,2.11,2.25,,2.2,,,,1.51,,,4.78
ก.พ.-15,2.26,2.36,,2.32,,,,1.57,,,6.1
ม.ค.-15,2.26,2.39,,2.34,,,,1.56,,,6.46
ธ.ค.-14,2.13,2.26,,2.21,,,,1.5,,,5.64
พ.ย.-14,2.26,2.41,,2.37,,,,1.66,,,5.72
ต.ค.-14,2.28,2.43,,2.39,,,,1.64,,,5.85
ก.ย.-14,2.28,2.44,,2.4,,,,1.65,,,5.21
ส.ค.-14,2.23,2.4,,2.36,,,,1.62,,,4.5
ก.ค.-14,2.17,2.35,,2.29,,,,1.61,,,3.87
มิ.ย.-14,2.15,2.32,,2.26,,,,1.61,,,3.44
พ.ค.-14,2.04,2.21,,2.15,,,,1.52,,,3.01
เม.ย.-14,2.09,2.28,,2.21,,,,1.6,,,2.92
มี.ค.-14,2.02,2.23,,2.15,,,,1.56,,,2.76
ก.พ.-14,2.01,2.16,,2.09,,,,1.53,,,2.68
ม.ค.-14,1.98,2.14,,2.07,,,,1.53,,,2.55
ธ.ค.-13,2.02,2.19,,2.12,,,,1.58,,,2.69
พ.ย.-13,2.12,2.32,,2.26,,,,1.62,,,2.76
ต.ค.-13,2.26,2.49,,2.42,,,,1.73,,,3
ก.ย.-13,2.17,2.37,,2.31,,,,1.67,,,2.74
ส.ค.-13,2.03,2.23,,2.16,,,,1.59,,,2.49
ก.ค.-13,2.27,2.47,,2.39,,,,1.73,,,3.46
มิ.ย.-13,2.31,2.48,,2.42,,,,1.73,,,3.41
พ.ค.-13,2.48,2.6,,2.57,,,,1.79,,,3.6
เม.ย.-13,2.62,2.75,,2.72,,,,1.9,,,4.54
มี.ค.-13,2.54,2.67,,2.65,,,,1.9,,,4.31
ก.พ.-13,2.56,2.69,,2.68,,,,1.97,,,4.28
ม.ค.-13,2.55,2.77,,2.71,,,,2.07,,,4.27
ธ.ค.-12,2.41,2.62,,2.57,,,,1.87,,,3.24
พ.ย.-12,2.26,2.46,,2.41,,,,1.76,,,3.06
ต.ค.-12,2.26,2.45,,2.41,,,,1.78,,,3.18
ก.ย.-12,2.26,2.47,,2.42,,,,1.77,,,2.81
ส.ค.-12,2.13,2.34,,2.28,,,,1.72,,,2.48
ก.ค.-12,2.1,2.32,,2.25,,,,1.7,,,2.31
มิ.ย.-12,2.05,2.23,,2.16,,,,1.8,,,2.19
พ.ค.-12,2,2.16,,2.1,,,,1.78,,,2.14
เม.ย.-12,2.24,2.48,,2.39,,,,2.03,,,2.67
มี.ค.-12,2.18,2.41,,2.33,,,,2,,,2.52
ก.พ.-12,2.08,2.35,,2.26,,,,1.97,,,2.82
ม.ค.-12,1.98,2.19,,2.11,,,,1.87,,,2.75
ธ.ค.-11,1.87,2.05,,1.98,,,,1.8,,,2.46
พ.ย.-11,1.81,1.98,,1.92,,,,1.76,,,2.36
ต.ค.-11,1.78,1.98,,1.91,,,,1.72,,,2.19
ก.ย.-11,1.7,1.84,,1.79,,,,1.56,,,2.22
ส.ค.-11,1.99,2.16,,2.11,,,,1.85,,,2.67
ก.ค.-11,2.14,2.36,,2.29,,,,2,,,2.87
มิ.ย.-11,1.96,2.18,,2.08,,,,,,,2.7
พ.ค.-11,2.02,2.25,,2.15,,,,,,,2.57
เม.ย.-11,2.12,2.39,,2.28,,,,,,,2.57
มี.ค.-11,2.02,2.27,,2.17,,,,,,,2.02
ก.พ.-11,1.94,2.18,,2.08,,,,,,,1.98
ม.ค.-11,1.91,2.14,,2.05,,,,,,,2.04
ธ.ค.-10,2.04,2.27,,2.18,,,,,,,2.08
พ.ย.-10,1.97,2.19,,2.11,,,,,,,1.92
ต.ค.-10,1.98,2.18,,2.12,,,,,,,1.94
ก.ย.-10,1.95,2.17,,2.1,,,,,,,1.82
ส.ค.-10,1.83,2.01,,1.95,,,,,,,1.85
ก.ค.-10,1.72,1.87,,1.82,,,,,,,1.85
มิ.ย.-10,1.6,1.73,,1.68,,,,,,,1.72
พ.ค.-10,1.5,1.66,,1.59,,,,,,,1.54
เม.ย.-10,1.58,1.78,,1.69,,,,,,,1.53
มี.ค.-10,1.64,1.84,,1.75,,,,,,,1.52
ก.พ.-10,1.52,1.7,,1.62,,,,,,,1.61
ม.ค.-10,1.48,1.68,,1.57,,,,,,,1.63
ธ.ค.-09,1.56,1.77,,1.67,,,,,,,1.66
พ.ย.-09,1.46,1.65,,1.56,,,,,,,1.63
ต.ค.-09,1.49,1.68,,1.59,,,,,,,1.61
ก.ย.-09,1.55,1.78,,1.68,,,,,,,1.49
ส.ค.-09,1.41,1.63,,1.53,,,,,,,1.34
ก.ค.-09,1.36,1.58,,1.48,,,,,,,1.35
มิ.ย.-09,1.3,1.52,,1.41,,,,,,,1.38
พ.ค.-09,1.22,1.4,,1.3,,,,,,,1.22
เม.ย.-09,1.09,1.26,,1.16,,,,,,,1.27
มี.ค.-09,0.95,1.09,,1,,,,,,,1.17
ก.พ.-09,0.96,1.08,,0.99,,,,,,,1.16
ม.ค.-09,0.96,1.08,,0.99,,,,,,,1.13
ธ.ค.-08,0.98,1.09,,1.01,,,,,,,1.11
พ.ย.-08,0.88,0.97,,0.89,,,,,,,1.07
ต.ค.-08,0.91,1.01,,0.93,,,,,,,1.15
ก.ย.-08,1.31,1.45,,1.36,,,,,,,1.53
ส.ค.-08,1.49,1.67,,1.57,,,,,,,1.68
ก.ค.-08,1.49,1.64,,1.55,,,,,,,1.71
มิ.ย.-08,1.69,1.88,,1.78,,,,,,,1.81
พ.ค.-08,1.84,2.06,,1.95,,,,,,,1.96
เม.ย.-08,1.91,2.16,,2.04,,,,,,,2.33
มี.ค.-08,1.87,2.11,,2,,,,,,,2.23
ก.พ.-08,2,2.3,,2.16,,,,,,,2.4
ม.ค.-08,1.86,2.13,,2.01,,,,,,,2.33
ธ.ค.-07,2.02,2.35,,2.2,,,,,,,2.39
พ.ย.-07,1.99,2.3,,2.16,,,,,,,2.36
ต.ค.-07,2.17,2.52,,2.37,,,,,,,2.5
ก.ย.-07,2.01,2.31,,2.18,,,,,,,2.24
ส.ค.-07,1.92,2.17,,2.06,,,,,,,2.1
ก.ค.-07,2.08,2.31,,2.2,,,,,,,2.24
มิ.ย.-07,1.87,2.07,,1.98,,,,,,,1.96
พ.ค.-07,1.74,1.97,,1.88,,,,,,,1.74
เม.ย.-07,1.71,1.95,,1.85,,,,,,,1.76
มี.ค.-07,1.64,1.87,,1.78,,,,,,,1.6
ก.พ.-07,1.68,1.92,,1.82,,,,,,,1.89
ม.ค.-07,1.64,1.85,,1.76,,,,,,,1.81
ธ.ค.-06,1.69,1.94,,1.85,,,,,,,1.83
พ.ย.-06,1.81,2.11,,2.01,,,,,,,1.79
ต.ค.-06,1.82,2.12,,2.02,,,,,,,1.6
ก.ย.-06,1.72,2.02,,1.91,,,,,,,1.46
ส.ค.-06,1.72,2.01,,1.9,,,,,,,1.4
ก.ค.-06,1.74,2.01,,1.9,,,,,,,1.42
มิ.ย.-06,1.7,1.95,,1.85,,,,,,,1.37
พ.ค.-06,1.76,2.03,,1.93,,,,,,,1.44
เม.ย.-06,2.01,2.32,,2.21,,,,,,,1.5
มี.ค.-06,1.92,2.21,,2.11,,,,,,,1.46
ก.พ.-06,2.07,2.35,,2.22,,,,,,,1.82
ม.ค.-06,2.09,2.35,,2.23,,,,,,,1.95
ธ.ค.-05,1.95,2.22,,2.11,,,,,,,1.88
พ.ย.-05,1.79,2.04,,1.94,,,,,,,1.53
ต.ค.-05,1.88,2.15,,2.04,,,,,,,1.57
ก.ย.-05,1.99,2.3,,2.18,,,,,,,1.63
ส.ค.-05,1.91,2.23,,2.11,,,,,,,1.56
ก.ค.-05,1.89,2.17,,2.05,,,,,,,1.68
มิ.ย.-05,1.88,2.09,,2.02,,,,,,,1.72
พ.ค.-05,1.86,2.05,,1.99,,,,,,,1.71
เม.ย.-05,1.93,2.14,,,,,,,,,1.93
มี.ค.-05,1.98,2.21,,,,,,,,,1.9
ก.พ.-05,2.25,2.54,,,,,,,,,2.53
ม.ค.-05,2.22,2.44,,,,,,,,,2.49
ธ.ค.-04,2.1,2.36,,,,,,,,,2.09
พ.ย.-04,2.05,2.32,,,,,,,,,1.87
ต.ค.-04,2.05,2.32,,,,,,,,,2.78
ก.ย.-04,2.05,2.37,,,,,,,,,2.82
ส.ค.-04,1.99,2.28,,,,,,,,,2.54
ก.ค.-04,2.04,2.35,,,,,,,,,2.37
มิ.ย.-04,2.06,2.3,,,,,,,,,2.15
พ.ค.-04,2.05,2.27,,,,,,,,,2.19
เม.ย.-04,2.16,2.38,,,,,,,,,2.35
มี.ค.-04,2.16,2.36,,,,,,,,,2.59
ก.พ.-04,2.59,2.77,,,,,,,,,2.85
ม.ค.-04,2.63,2.84,,,,,,,,,3.01
ธ.ค.-03,2.88,3.12,,,,,,,,,3.46
พ.ย.-03,2.41,2.38,,,,,,,,,3.87
ต.ค.-03,2.47,2.44,,,,,,,,,4.06
ก.ย.-03,2.21,2.28,,,,,,,,,3.32
ส.ค.-03,2.08,2.21,,,,,,,,,2.43
ก.ค.-03,1.9,2.05,,,,,,,,,1.72
มิ.ย.-03,1.79,2.02,,,,,,,,,1.4
พ.ค.-03,1.57,1.77,,,,,,,,,1.34
เม.ย.-03,1.52,1.7,,,,,,,,,1.1
มี.ค.-03,1.47,1.66,,,,,,,,,1.02
ก.พ.-03,1.48,1.66,,,,,,,,,1.07
ม.ค.-03,1.55,1.75,,,,,,,,,0.9
ธ.ค.-02,1.36,1.53,,,,,,,,,1.94
พ.ย.-02,1.39,1.58,,,,,,,,,1.94
ต.ค.-02,1.38,1.57,,,,,,,,,1.72
ก.ย.-02,1.28,1.44,,,,,,,,,1.41
ส.ค.-02,1.42,1.59,,,,,,,,,1.38
ก.ค.-02,1.52,1.72,,,,,,,,,1.81
มิ.ย.-02,1.57,1.78,,,,,,,,,1.58
พ.ค.-02,1.63,1.9,,,,,,,,,0.99
เม.ย.-02,1.51,1.77,,,,,,,,,1.05
มี.ค.-02,1.52,1.78,,,,,,,,,1.12
ก.พ.-02,1.52,1.8,,,,,,,,,1.39
ม.ค.-02,1.41,1.67,,,,,,,,,1.29
ธ.ค.-01,1.24,1.44,,,,,,,,,1.31
พ.ย.-01,1.24,1.47,,,,,,,,,1.43
ต.ค.-01,1.11,1.37,,,,,,,,,
ก.ย.-01,1.11,1.39,,,,,,,,,
ส.ค.-01,1.41,1.65,,,,,,,,,
ก.ค.-01,1.24,1.45,,,,,,,,,
มิ.ย.-01,1.34,1.63,,,,,,,,,
พ.ค.-01,1.29,1.58,,,,,,,,,
เม.ย.-01,1.29,1.59,,,,,,,,,
มี.ค.-01,1.25,1.56,,,,,,,,,
ก.พ.-01,1.36,1.74,,,,,,,,,
ม.ค.-01,1.38,1.8,,,,,,,,,
ธ.ค.-00,1.11,1.36,,,,,,,,,
พ.ย.-00,1.15,1.41,,,,,,,,,
ต.ค.-00,1.06,1.27,,,,,,,,,
ก.ย.-00,1.08,1.29,,,,,,,,,
ส.ค.-00,1.19,1.45,,,,,,,,,
ก.ค.-00,1.08,1.3,,,,,,,,,
มิ.ย.-00,1.25,1.58,,,,,,,,,
พ.ค.-00,1.24,1.51,,,,,,,,,
เม.ย.-00,1.44,1.78,,,,,,,,,
มี.ค.-00,1.47,1.83,,,,,,,,,
ก.พ.-00,1.32,1.61,,,,,,,,,
ม.ค.-00,1.7,2.13,,,,,,,,,
ธ.ค.-99,1.72,2.14,,,,,,,,,
พ.ย.-99,1.48,1.82,,,,,,,,,
ต.ค.-99,1.38,1.68,,,,,,,,,
ก.ย.-99,1.34,1.63,,,,,,,,,
ส.ค.-99,1.5,1.77,,,,,,,,,
ก.ค.-99,1.59,1.86,,,,,,,,,
มิ.ย.-99,1.8,2.21,,,,,,,,,
พ.ค.-99,1.52,2,,,,,,,,,
เม.ย.-99,1.56,2.11,,,,,,,,,
มี.ค.-99,1.18,1.54,,,,,,,,,
ก.พ.-99,1.1,1.42,,,,,,,,,
ม.ค.-99,1.07,1.37,,,,,,,,,
ธ.ค.-98,1.05,1.3,,,,,,,,,
พ.ย.-98,1.01,1.25,,,,,,,,,
ต.ค.-98,0.95,1.12,,,,,,,,,
ก.ย.-98,0.72,0.83,,,,,,,,,
ส.ค.-98,0.58,0.66,,,,,,,,,
ก.ค.-98,0.74,0.91,,,,,,,,,
มิ.ย.-98,0.74,0.8,,,,,,,,,
พ.ค.-98,0.9,1.03,,,,,,,,,
เม.ย.-98,1.17,1.41,,,,,,,,,
มี.ค.-98,1.2,1.4,,,,,,,,,
ก.พ.-98,1.27,1.53,,,,,,,,,
ม.ค.-98,1.22,1.58,,,,,,,,,
ธ.ค.-97,0.89,0.99,,,,,,,,,
พ.ย.-97,0.89,1.02,,,,,,,,,
ต.ค.-97,0.91,1.08,,,,,,,,,
ก.ย.-97,1.1,1.37,,,,,,,,,
ส.ค.-97,0.99,1.18,,,,,,,,,
ก.ค.-97,1.31,1.66,,,,,,,,,
มิ.ย.-97,1.04,1.19,,,,,,,,,
พ.ค.-97,1.11,1.28,,,,,,,,,
เม.ย.-97,1.28,1.48,,,,,,,,,
มี.ค.-97,1.32,1.58,,,,,,,,,
ก.พ.-97,1.37,1.64,,,,,,,,,
ม.ค.-97,1.5,1.81,,,,,,,,,
ธ.ค.-96,1.58,1.74,,,,,,,,,
พ.ย.-96,1.76,2.01,,,,,,,,,
ต.ค.-96,1.81,2.07,,,,,,,,,
ก.ย.-96,2.17,2.55,,,,,,,,,
ส.ค.-96,2.18,2.54,,,,,,,,,
ก.ค.-96,2.14,2.47,,,,,,,,,
มิ.ย.-96,2.46,2.93,,,,,,,,,
พ.ค.-96,2.59,,,,,,,,,,
เม.ย.-96,2.64,,,,,,,,,,
มี.ค.-96,2.63,,,,,,,,,,
ก.พ.-96,2.78,,,,,,,,,,
ม.ค.-96,3.01,,,,,,,,,,
ธ.ค.-95,2.75,,,,,,,,,,
พ.ย.-95,2.58,,,,,,,,,,
ต.ค.-95,2.84,,,,,,,,,,
ก.ย.-95,2.89,,,,,,,,,,
ส.ค.-95,2.93,,,,,,,,,,
ก.ค.-95,3.17,,,,,,,,,,
มิ.ย.-95,3.2,,,,,,,,,,
พ.ค.-95,3.21,,,,,,,,,,
เม.ย.-95,2.89,,,,,,,,,,
มี.ค.-95,2.92,,,,,,,,,,
ก.พ.-95,3.25,,,,,,,,,,
ม.ค.-95,3.1,,,,,,,,,,
ธ.ค.-94,3.46,,,,,,,,,,
พ.ย.-94,3.44,,,,,,,,,,
ต.ค.-94,4.06,,,,,,,,,,
ก.ย.-94,3.95,,,,,,,,,,
ส.ค.-94,4.05,,,,,,,,,,
ก.ค.-94,3.8,,,,,,,,,,
มิ.ย.-94,3.48,,,,,,,,,,
พ.ค.-94,3.72,,,,,,,,,,
เม.ย.-94,3.54,,,,,,,,,,
มี.ค.-94,3.45,,,,,,,,,,
ก.พ.-94,3.73,,,,,,,,,,
ม.ค.-94,4.36,,,,,,,,,,
ธ.ค.-93,4.31,,,,,,,,,,
พ.ย.-93,3.5,,,,,,,,,,
ต.ค.-93,3.61,,,,,,,,,,
ก.ย.-93,2.91,,,,,,,,,,
ส.ค.-93,2.92,,,,,,,,,,
ก.ค.-93,2.77,,,,,,,,,,
มิ.ย.-93,2.68,,,,,,,,,,
พ.ค.-93,2.58,,,,,,,,,,
เม.ย.-93,2.69,,,,,,,,,,
มี.ค.-93,2.81,,,,,,,,,,
ก.พ.-93,3,,,,,,,,,,
ม.ค.-93,3.17,,,,,,,,,,
ธ.ค.-92,3.05,,,,,,,,,,
พ.ย.-92,3,,,,,,,,,,
ต.ค.-92,3.33,,,,,,,,,,
ก.ย.-92,3.17,,,,,,,,,,
ส.ค.-92,2.81,,,,,,,,,,
ก.ค.-92,2.77,,,,,,,,,,
มิ.ย.-92,2.67,,,,,,,,,,
พ.ค.-92,2.48,,,,,,,,,,
เม.ย.-92,2.87,,,,,,,,,,
มี.ค.-92,3.04,,,,,,,,,,
ก.พ.-92,2.83,,,,,,,,,,
ม.ค.-92,2.93,,,,,,,,,,
ธ.ค.-91,2.82,,,,,,,,,,
พ.ย.-91,2.71,,,,,,,,,,
ต.ค.-91,2.69,,,,,,,,,,
ก.ย.-91,2.79,,,,,,,,,,
ส.ค.-91,2.98,,,,,,,,,,
ก.ค.-91,3.14,,,,,,,,,,
มิ.ย.-91,3.53,,,,,,,,,,
พ.ค.-91,3.72,,,,,,,,,,
เม.ย.-91,4.13,,,,,,,,,,
มี.ค.-91,4.2,,,,,,,,,,
ก.พ.-91,3.79,,,,,,,,,,
ม.ค.-91,3.33,,,,,,,,,,
ธ.ค.-90,3.2,,,,,,,,,,
พ.ย.-90,3.13,,,,,,,,,,
ต.ค.-90,3.79,,,,,,,,,,
ก.ย.-90,3.88,,,,,,,,,,
ส.ค.-90,5.03,,,,,,,,,,
ก.ค.-90,7.32,,,,,,,,,,
มิ.ย.-90,7.21,,,,,,,,,,
พ.ค.-90,7.11,,,,,,,,,,
เม.ย.-90,6.36,,,,,,,,,,
มี.ค.-90,6.19,,,,,,,,,,
ก.พ.-90,6.4,,,,,,,,,,
ม.ค.-90,6.92,,,,,,,,,,
ธ.ค.-89,6.75,,,,,,,,,,
พ.ย.-89,5.33,,,,,,,,,,
ต.ค.-89,5.24,,,,,,,,,,
ก.ย.-89,5.61,,,,,,,,,,
ส.ค.-89,5.42,,,,,,,,,,
ก.ค.-89,5.05,,,,,,,,,,
มิ.ย.-89,4.79,,,,,,,,,,
พ.ค.-89,4.04,,,,,,,,,,
เม.ย.-89,3.87,,,,,,,,,,
มี.ค.-89,3.45,,,,,,,,,,
ก.พ.-89,3.35,,,,,,,,,,
ม.ค.-89,3.23,,,,,,,,,,
ธ.ค.-88,2.85,,,,,,,,,,
พ.ย.-88,2.97,,,,,,,,,,
ต.ค.-88,3.29,,,,,,,,,,
ก.ย.-88,3.45,,,,,,,,,,
ส.ค.-88,3.33,,,,,,,,,,
ก.ค.-88,3.51,,,,,,,,,,
มิ.ย.-88,3.52,,,,,,,,,,
พ.ค.-88,3.16,,,,,,,,,,
เม.ย.-88,3.07,,,,,,,,,,
Note:,"Effective from March 31, 2009, P/NAV of securities under Property Fund sector will be used to calculate P/BV of market.",,,,,,,,,,
,"Effective from January 1, 2003, Calculated from all common stocks on all indices, including all shareholders' equity (including shares of the company held by subsidiaries).",,,,,,,,,,
